0	0	Black	2	0.0	1	Sub870_vs_Level92
352	65680	Black	32768	0.0	1	Sub870_vs_Level92
57408	51606716416	White	8589934592	0.0009953975677490234	1	Sub870_vs_Level92
4307583008	65984	White	33554432	0.0	1	Sub870_vs_Level92
2415919104	33554432	White	67108864	0.0	1	Sub870_vs_Level92
12901687304	17213423636	White	128	0.0009975433349609375	1	Sub870_vs_Level92
262656	3221225472	Black	134217728	0.0009968280792236328	1	Sub870_vs_Level92
142868480	28672	Black	16777216	0.0	1	Sub870_vs_Level92
12615680	384	White	64	0.0	1	Sub870_vs_Level92
34393423872	67133440	Black	32	0.0	1	Sub870_vs_Level92
34426847488	131168	Black	33554432	0.0	1	Sub870_vs_Level92
17563652	2111488	Black	8	0.0	1	Sub870_vs_Level92
262144	2048	Black	524288	0.0	1	Sub870_vs_Level92
3146753	1078067712	Black	2048	0.000997781753540039	1	Sub870_vs_Level92
67108864	4294967296	Black	2097152	0.0	1	Sub870_vs_Level92
0	0	Black	131072	0.0	1	Sub870_vs_Level92
14680064	1026	White	1048576	0.0	1	Sub870_vs_Level92
1027	28672	Black	268435456	0.0	1	Sub870_vs_Level92
14692352	34460403712	White	256	0.0	1	Sub870_vs_Level92
2	8192	Black	1	0.0009584426879882812	1	Sub870_vs_Level92
8192	0	White	2	0.0	1	Sub870_vs_Level92
3	12288	Black	1024	0.0	1	Sub870_vs_Level92
134217728	8192	Black	268435456	0.0009982585906982422	1	Sub870_vs_Level92
4564451352	1077950464	Black	32	0.0	1	Sub870_vs_Level92
24576	2	White	4	0.0	1	Sub870_vs_Level92
6446645248	8589935104	White	1	0.0	1	Sub870_vs_Level92
34460401920	131184	Black	65536	0.0	1	Sub870_vs_Level92
14336	134742016	White	1024	0.0	1	Sub870_vs_Level92
4429971976	3227518977	Black	16	0.0	1	Sub870_vs_Level92
134480384	3221225473	Black	4294967296	0.0011327266693115234	1	Sub870_vs_Level92
8454176	32896	White	64	0.000995635986328125	1	Sub870_vs_Level92
268435456	0	White	33554432	0.0010006427764892578	1	Sub870_vs_Level92
1610614790	19328409608	Black	1024	0.0009980201721191406	1	Sub870_vs_Level92
262144	1073741824	Black	512	0.000997781753540039	1	Sub870_vs_Level92
