0	0	Black	256	0.0	1	Sub250_vs_Level92
67109504	2151677954	Black	536870912	0.0009961128234863281	1	Sub250_vs_Level92
4218880	8724152320	White	1024	0.0	1	Sub250_vs_Level92
69206528	8437760	Black	17179869184	0.000993967056274414	1	Sub250_vs_Level92
12583008	8590065665	White	524288	0.0009968280792236328	1	Sub250_vs_Level92
96	33554432	White	134217728	0.0	1	Sub250_vs_Level92
34360000513	8462336	Black	256	0.0	1	Sub250_vs_Level92
67108864	16384	Black	2	0.0009982585906982422	1	Sub250_vs_Level92
67371138	6316032	Black	512	0.0019936561584472656	1	Sub250_vs_Level92
6303744	34494021632	White	8589934592	0.000997781753540039	1	Sub250_vs_Level92
4194400	8589934593	White	131072	0.0009984970092773438	1	Sub250_vs_Level92
67371136	1080033280	Black	2048	0.0	1	Sub250_vs_Level92
134218752	25165824	Black	17179869184	0.0009961128234863281	1	Sub250_vs_Level92
512	32768	Black	2097152	0.0	1	Sub250_vs_Level92
12893290496	262146	White	65536	0.001996278762817383	1	Sub250_vs_Level92
134217728	524288	Black	34359738368	0.0009970664978027344	1	Sub250_vs_Level92
6291472	67110912	White	65536	0.0005118846893310547	1	Sub250_vs_Level92
0	0	Black	134217728	0.0009958744049072266	1	Sub250_vs_Level92
12914262016	537198594	White	131072	0.000995635986328125	1	Sub250_vs_Level92
67372160	34359795712	Black	536870912	0.0	1	Sub250_vs_Level92
12713984	65600	White	262144	0.0009958744049072266	1	Sub250_vs_Level92
131072	0	White	65536	0.0009961128234863281	1	Sub250_vs_Level92
4194320	67108864	White	2048	0.00113677978515625	1	Sub250_vs_Level92
8192	0	White	512	0.0	1	Sub250_vs_Level92
131202	29360128	Black	268435456	0.000997781753540039	1	Sub250_vs_Level92
17249075712	8445952	Black	4	0.0009908676147460938	1	Sub250_vs_Level92
13312	268435712	White	1	0.0009968280792236328	1	Sub250_vs_Level92
0	0	Black	262144	0.00099945068359375	1	Sub250_vs_Level92
67109376	2147483650	Black	128	0.0009951591491699219	1	Sub250_vs_Level92
32768	0	White	512	0.0010035037994384766	1	Sub250_vs_Level92
8589934592	0	White	262144	0.0009961128234863281	1	Sub250_vs_Level92
67373186	3227525120	Black	131072	0.0	1	Sub250_vs_Level92
164097	29376512	Black	2	0.0009911060333251953	1	Sub250_vs_Level92
605028992	2160066594	Black	64	0.0009992122650146484	1	Sub250_vs_Level92
34359738368	8	Black	1	0.0	1	Sub250_vs_Level92
