0	0	Black	32	0.0	1	Sub884_vs_Level92
1079005200	270542916	Black	1024	0.0	1	Sub884_vs_Level92
64	1073741824	Black	32768	0.0	1	Sub884_vs_Level92
16	32	Black	8192	0.000997781753540039	1	Sub884_vs_Level92
3233808384	34603009	White	4294967296	0.0009968280792236328	1	Sub884_vs_Level92
16810056	4206608	Black	8589934592	0.0	1	Sub884_vs_Level92
2147491856	12889096192	Black	32	0.0009586811065673828	1	Sub884_vs_Level92
1610612864	131074	White	2147483648	0.0009970664978027344	1	Sub884_vs_Level92
4194304	0	White	16384	0.0009980201721191406	1	Sub884_vs_Level92
2147491888	12897484800	Black	2097152	0.0	1	Sub884_vs_Level92
4307574784	25769873408	White	33554432	0.0	1	Sub884_vs_Level92
32864	1073872912	Black	33554432	0.0	1	Sub884_vs_Level92
57376	6152	White	2097152	0.0009961128234863281	1	Sub884_vs_Level92
134217728	4194304	Black	8589934592	0.0	1	Sub884_vs_Level92
2149589040	12914262016	Black	536870912	0.0	1	Sub884_vs_Level92
14680064	32896	White	16777216	0.0009970664978027344	1	Sub884_vs_Level92
4096	2048	Black	4194304	0.0009975433349609375	1	Sub884_vs_Level92
4251648	1075838977	White	2147483648	0.0	1	Sub884_vs_Level92
50331648	4210688	Black	17179869184	0.0	1	Sub884_vs_Level92
2147483648	0	White	16384	0.0010008811950683594	1	Sub884_vs_Level92
16416	8448	Black	4194304	0.0010268688201904297	1	Sub884_vs_Level92
33849440	34366042112	Black	128	0.0	1	Sub884_vs_Level92
16384	0	White	17179869184	0.0009970664978027344	1	Sub884_vs_Level92
7520395264	2099224	White	4	0.0	1	Sub884_vs_Level92
134217728	8388608	Black	4096	0.0	1	Sub884_vs_Level92
2147516416	16384	White	8589934592	0.0	1	Sub884_vs_Level92
48	2097280	Black	8	0.0	1	Sub884_vs_Level92
13019447296	2160091136	Black	16777216	0.0009975433349609375	1	Sub884_vs_Level92
4980736	2155872256	White	4294967296	0.0009982585906982422	1	Sub884_vs_Level92
12304	33554472	Black	4194304	0.0	1	Sub884_vs_Level92
1086324736	33554433	White	1048576	0.0	1	Sub884_vs_Level92
12288	4294967296	White	16384	0.0	1	Sub884_vs_Level92
6299648	2147500032	White	536870912	0.0009980201721191406	1	Sub884_vs_Level92
75520544	4465926	Black	4294967296	0.0	1	Sub884_vs_Level92
8	0	White	1	0.0	1	Sub884_vs_Level92
134283264	8396800	Black	262144	0.000997781753540039	1	Sub884_vs_Level92
16777216	16384	Black	33554432	0.0009980201721191406	1	Sub884_vs_Level92
75520000	4464898	Black	512	0.0009980201721191406	1	Sub884_vs_Level92
8592032000	6442450944	White	1073741824	0.0	1	Sub884_vs_Level92
