2	0	White	128	0.0	1	Sub250_vs_Level110
25803358208	34359738880	White	2	0.0009908676147460938	1	Sub250_vs_Level110
27950841856	34359738882	White	64	0.0	1	Sub250_vs_Level110
67175428	354	Black	524288	0.0009970664978027344	1	Sub250_vs_Level110
268435488	262144	White	16777216	0.0	1	Sub250_vs_Level110
275775488	17180000257	White	1024	0.0	1	Sub250_vs_Level110
8724152706	3190784	Black	131072	0.0	1	Sub250_vs_Level110
12320	34359738496	White	1	0.0009970664978027344	1	Sub250_vs_Level110
34359738368	2147483648	Black	2	0.0009982585906982422	1	Sub250_vs_Level110
8598372448	67502098	White	1024	0.0010256767272949219	1	Sub250_vs_Level110
8388608	0	White	134217728	0.0	1	Sub250_vs_Level110
12582912	131072	White	8589934592	0.0	1	Sub250_vs_Level110
327680	536870913	Black	34359738368	0.001959085464477539	1	Sub250_vs_Level110
134283328	67109890	Black	4	0.0	1	Sub250_vs_Level110
34359739392	67371008	Black	256	0.0009958744049072266	1	Sub250_vs_Level110
34359746562	527360	Black	262144	0.0	1	Sub250_vs_Level110
134217730	532480	Black	128	0.000997304916381836	1	Sub250_vs_Level110
34359739648	67895296	Black	2	0.0	1	Sub250_vs_Level110
268435568	17039362	White	17179869184	0.0009975433349609375	1	Sub250_vs_Level110
2372096	17246978114	White	65536	0.000997304916381836	1	Sub250_vs_Level110
4295098368	256	White	34359738368	0.000997304916381836	1	Sub250_vs_Level110
2097152	0	White	1	0.0010027885437011719	1	Sub250_vs_Level110
0	0	Black	256	0.000997781753540039	1	Sub250_vs_Level110
0	0	Black	34359738368	0.0	1	Sub250_vs_Level110
67174404	322	Black	1024	0.0	1	Sub250_vs_Level110
8589983840	67371026	White	131072	0.0	1	Sub250_vs_Level110
4096	0	White	34359738368	0.0009982585906982422	1	Sub250_vs_Level110
134217728	524288	Black	2	0.0	1	Sub250_vs_Level110
67108994	4136	Black	8192	0.0	1	Sub250_vs_Level110
268501504	28672	Black	64	0.0	1	Sub250_vs_Level110
1	4194304	Black	1073741824	0.0009975433349609375	1	Sub250_vs_Level110
262656	64	White	2	0.0	1	Sub250_vs_Level110
262400	34361835520	Black	67108864	0.0009987354278564453	1	Sub250_vs_Level110
0	0	Black	134217728	0.0009760856628417969	1	Sub250_vs_Level110
24608	34359738369	White	128	0.0009970664978027344	1	Sub250_vs_Level110
34494283776	805306371	Black	512	0.0	1	Sub250_vs_Level110
