0	0	Black	512	0.0	1	Sub250_vs_Level92
8589934592	536870912	Black	128	0.0	1	Sub250_vs_Level92
1	2097152	Black	34359738368	0.0009970664978027344	1	Sub250_vs_Level92
67108994	4218880	Black	262144	0.000997781753540039	1	Sub250_vs_Level92
14344	67174402	White	262144	0.0	1	Sub250_vs_Level92
168165376	225	Black	4	0.0	1	Sub250_vs_Level92
131072	4194304	Black	2	0.0009970664978027344	1	Sub250_vs_Level92
512	2	Black	67108864	0.001993417739868164	1	Sub250_vs_Level92
8589934592	0	White	2	0.0009961128234863281	1	Sub250_vs_Level92
34360262785	147468	Black	67108864	0.0010027885437011719	1	Sub250_vs_Level92
512	128	Black	67108864	0.0	1	Sub250_vs_Level92
4294980608	268435713	White	524288	0.0	1	Sub250_vs_Level92
131072	16	Black	33554432	0.001001596450805664	1	Sub250_vs_Level92
512	4194304	Black	128	0.0	1	Sub250_vs_Level92
34359738369	131080	Black	524288	0.0009980201721191406	1	Sub250_vs_Level92
8589934592	0	White	512	0.0009975433349609375	1	Sub250_vs_Level92
4194304	0	White	34359738368	0.0009968280792236328	1	Sub250_vs_Level92
12288	2	White	65536	0.0	1	Sub250_vs_Level92
6442450944	1	White	64	0.0009970664978027344	1	Sub250_vs_Level92
1	268435456	Black	131072	0.0010008811950683594	1	Sub250_vs_Level92
570556416	6291472	Black	1	0.0	1	Sub250_vs_Level92
34493956096	1074266112	Black	536870912	0.0	1	Sub250_vs_Level92
34427371649	151564	Black	536870912	0.0009965896606445312	1	Sub250_vs_Level92
67109376	2147483776	Black	524288	0.0009970664978027344	1	Sub250_vs_Level92
6348800	8724153600	White	33554432	0.0009984970092773438	1	Sub250_vs_Level92
6448742400	131137	White	134217728	0.0	1	Sub250_vs_Level92
6316032	8724153344	White	256	0.0	1	Sub250_vs_Level92
34359738497	6295552	Black	2048	0.003989696502685547	1	Sub250_vs_Level92
6457131008	134348865	White	262144	0.0	1	Sub250_vs_Level92
0	0	Black	67108864	0.0	1	Sub250_vs_Level92
640	12582912	Black	131072	0.0009975433349609375	1	Sub250_vs_Level92
24576	134217728	White	8589934592	0.0	1	Sub250_vs_Level92
12582912	34359738368	White	1024	0.0009925365447998047	1	Sub250_vs_Level92
603980416	2151677986	Black	1048576	0.0	1	Sub250_vs_Level92
