0	0	Black	16	0.0	1	SubA1052_vs_Level110
2218819712	58853376	Black	8192	0.000997781753540039	1	SubA1052_vs_Level110
0	0	Black	1048576	0.0	1	SubA1052_vs_Level110
52445696	273163264	Black	16	0.0	1	SubA1052_vs_Level110
24608	24	White	4096	0.0010001659393310547	1	SubA1052_vs_Level110
0	0	Black	8388608	0.0	1	SubA1052_vs_Level110
12587008	8204	Black	16777216	0.000997304916381836	1	SubA1052_vs_Level110
12582912	8192	White	1048576	0.0	1	SubA1052_vs_Level110
4194304	0	White	2147483648	0.0009961128234863281	1	SubA1052_vs_Level110
4206592	17179871232	White	2147483648	0.0	1	SubA1052_vs_Level110
4194432	12288	Black	4	0.0010461807250976562	1	SubA1052_vs_Level110
2	17179869184	Black	2048	0.0	1	SubA1052_vs_Level110
12288	2097152	White	1024	0.0	1	SubA1052_vs_Level110
24672	4120	White	268435456	0.0	1	SubA1052_vs_Level110
1048576	0	White	134217728	0.0009987354278564453	1	SubA1052_vs_Level110
4307562496	27917289472	White	2097152	0.0	1	SubA1052_vs_Level110
0	0	Black	2097152	0.0	1	SubA1052_vs_Level110
1087377408	2283798529	White	268435456	0.0009984970092773438	1	SubA1052_vs_Level110
0	0	Black	8388608	0.0	1	SubA1052_vs_Level110
30102520832	34360789004	White	536870912	0.0	1	SubA1052_vs_Level110
16384	0	White	256	0.0009963512420654297	1	SubA1052_vs_Level110
29360128	35653632	Black	17179869184	0.0	1	SubA1052_vs_Level110
4584521729	1242596352	White	34359738368	0.0	1	SubA1052_vs_Level110
1048576	16777216	Black	134217728	0.0	1	SubA1052_vs_Level110
8640	25428000	Black	16384	0.0009989738464355469	1	SubA1052_vs_Level110
4294967296	536870912	Black	4194304	0.0	1	SubA1052_vs_Level110
2121824	268439576	White	1048576	0.0010023117065429688	1	SubA1052_vs_Level110
6360064	814747648	Black	32768	0.0	1	SubA1052_vs_Level110
14336	4194306	White	16384	0.000995635986328125	1	SubA1052_vs_Level110
12595200	19327354880	White	8589934592	0.0	1	SubA1052_vs_Level110
8388608	0	White	131072	0.0019953250885009766	1	SubA1052_vs_Level110
4194432	1048576	White	2147483648	0.0	1	SubA1052_vs_Level110
4194304	0	White	1048576	0.0009982585906982422	1	SubA1052_vs_Level110
2147627280	35433496768	White	4194304	0.0	1	SubA1052_vs_Level110
8388608	16777216	Black	8192	0.0010051727294921875	1	SubA1052_vs_Level110
8388608	16777216	Black	2048	0.0010159015655517578	1	SubA1052_vs_Level110
0	0	Black	256	0.0	1	SubA1052_vs_Level110
4194304	2048	Black	8388608	0.0009970664978027344	1	SubA1052_vs_Level110
1152	8396800	Black	2048	0.0	1	SubA1052_vs_Level110
