0	0	Black	16	0.0	1	Sub842_vs_Level110
4194304	33554432	Black	134217728	0.001995086669921875	1	Sub842_vs_Level110
805307392	2105344	White	16	0.000997781753540039	1	Sub842_vs_Level110
268436480	8192	White	2097152	0.0	1	Sub842_vs_Level110
4299161600	24576	Black	2147483648	0.0006103515625	1	Sub842_vs_Level110
16777216	0	White	1073741824	0.0009970664978027344	1	Sub842_vs_Level110
2097152	4194304	Black	1	0.0009970664978027344	1	Sub842_vs_Level110
138412032	268435456	White	1024	0.0	1	Sub842_vs_Level110
2149613568	34628182016	Black	32	0.0010180473327636719	1	Sub842_vs_Level110
2149613600	34628186112	Black	2048	0.0009944438934326172	1	Sub842_vs_Level110
1107296256	49152	Black	8	0.0	1	Sub842_vs_Level110
4202496	2097152	White	1024	0.0	1	Sub842_vs_Level110
0	0	Black	2097152	0.0	1	Sub842_vs_Level110
1879049217	136323088	White	8	0.0009989738464355469	1	Sub842_vs_Level110
64	0	White	1048576	0.0009899139404296875	1	Sub842_vs_Level110
0	0	Black	4194304	0.000995635986328125	1	Sub842_vs_Level110
1	0	White	2048	0.0010018348693847656	1	Sub842_vs_Level110
138412032	34603008	Black	8388608	0.0007541179656982422	1	Sub842_vs_Level110
4194336	16777232	Black	16384	0.0009891986846923828	1	Sub842_vs_Level110
4194304	64	Black	4294967296	0.0009980201721191406	1	Sub842_vs_Level110
4219936	58785808	Black	4096	0.0009968280792236328	1	Sub842_vs_Level110
67895296	16793600	White	8192	0.0	1	Sub842_vs_Level110
134217728	0	White	268435456	0.0005052089691162109	1	Sub842_vs_Level110
4194304	1048576	Black	8388608	0.0029954910278320312	1	Sub842_vs_Level110
0	0	Black	4194304	0.0005064010620117188	1	Sub842_vs_Level110
20	4294967304	Black	1024	0.0009970664978027344	1	Sub842_vs_Level110
2155872256	8589934592	White	67108864	0.0009975433349609375	1	Sub842_vs_Level110
12583956	7516200968	Black	2097152	0.0005252361297607422	1	Sub842_vs_Level110
6446710784	2154496	Black	4096	0.0005104541778564453	1	Sub842_vs_Level110
75513856	4202528	Black	16777216	0.0009996891021728516	1	Sub842_vs_Level110
2097153	17184063488	Black	2048	0.000997781753540039	1	Sub842_vs_Level110
0	0	Black	1048576	0.0019974708557128906	1	Sub842_vs_Level110
138936320	268436480	White	1048576	0.0009958744049072266	1	Sub842_vs_Level110
1	16384	Black	2	0.0019953250885009766	1	Sub842_vs_Level110
6471811072	8659140736	White	33554432	0.0009963512420654297	1	Sub842_vs_Level110
8192	4096	Black	524288	0.0	1	Sub842_vs_Level110
146808832	51381248	Black	16384	0.0	1	Sub842_vs_Level110
