0	0	Black	128	0.0	2	Sub832_vs_Level110
0	0	Black	131072	0.0011038780212402344	2	Sub832_vs_Level110
34359738368	8589934592	Black	65536	0.0	2	Sub832_vs_Level110
0	0	Black	512	0.0009965896606445312	2	Sub832_vs_Level110
2147516608	67239968	White	33554432	0.0	2	Sub832_vs_Level110
270532608	134479872	Black	32768	0.0	2	Sub832_vs_Level110
134480512	100663297	White	16777216	0.0009968280792236328	2	Sub832_vs_Level110
17196650496	34426978304	Black	8192	0.0	2	Sub832_vs_Level110
360	22	White	128	0.0	2	Sub832_vs_Level110
4301258816	92340224	Black	8589934592	0.0	2	Sub832_vs_Level110
6295552	8388672	White	1073741824	0.0	2	Sub832_vs_Level110
8396813	562	White	128	0.0	2	Sub832_vs_Level110
939524096	2160066560	Black	1073741824	0.0	2	Sub832_vs_Level110
270009344	262352	Black	32	0.0	2	Sub832_vs_Level110
1	4096	Black	64	0.0009882450103759766	2	Sub832_vs_Level110
0	0	Black	32	0.0009648799896240234	2	Sub832_vs_Level110
142869184	117441537	White	2	0.0	2	Sub832_vs_Level110
35165044736	3073	Black	1073741824	0.0009968280792236328	2	Sub832_vs_Level110
60423143424	6040846336	White	524288	0.0	2	Sub832_vs_Level110
2130432	12599296	Black	4294967296	0.0	2	Sub832_vs_Level110
4194336	10	Black	8388608	0.0	2	Sub832_vs_Level110
268435456	262144	Black	524288	0.0	2	Sub832_vs_Level110
67273088	34414526464	Black	16	0.0	2	Sub832_vs_Level110
7346176	3229614144	White	536870912	0.0009980201721191406	2	Sub832_vs_Level110
6478135808	29386752	Black	17179869184	0.0	2	Sub832_vs_Level110
51606847488	12897484800	Black	33554432	0.0	2	Sub832_vs_Level110
131072	262144	Black	256	0.0	2	Sub832_vs_Level110
34393358336	27917287424	Black	32768	0.0009961128234863281	2	Sub832_vs_Level110
34359803904	25769803776	Black	33554432	0.0	2	Sub832_vs_Level110
4	0	White	512	0.0009982585906982422	2	Sub832_vs_Level110
270565376	134480384	Black	16384	0.0	2	Sub832_vs_Level110
62570627072	6041370624	White	128	0.0	2	Sub832_vs_Level110
512	4194304	Black	32768	0.0	2	Sub832_vs_Level110
0	0	Black	8589934592	0.000997304916381836	2	Sub832_vs_Level110
34359869440	24	Black	256	0.0	2	Sub832_vs_Level110
